<toolSet name="pylint">
  <tool name="pylint-file" description="Run pylint on current file" showInMainMenu="false" showInEditor="false" showInProject="false" showInSearchPopup="false" disabled="false" useConsole="true" showConsoleOnStdOut="true" showConsoleOnStdErr="false" synchronizeAfterRun="false">
    <exec>
      <option name="COMMAND" value="$PyInterpreterDirectory$/pylint" />
      <option name="PARAMETERS" value="$FilePath$ --disable=missing-docstring" />
      <option name="WORKING_DIRECTORY" value="$FileDir$" />
    </exec>
  </tool>
  <tool name="pylint-project" description="Run pylint on current project" showInMainMenu="true" showInEditor="true" showInProject="true" showInSearchPopup="true" disabled="false" useConsole="true" showConsoleOnStdOut="true" showConsoleOnStdErr="false" synchronizeAfterRun="false">
    <exec>
      <option name="COMMAND" value="$PyInterpreterDirectory$/pylint" />
      <option name="PARAMETERS" value="$FilePrompt$$ProjectFileDir$" />
      <option name="WORKING_DIRECTORY" value="$ProjectFileDir$" />
    </exec>
  </tool>
</toolSet>